Eval_AverageReturn,Eval_StdReturn,Eval_MaxReturn,Eval_MinReturn,Eval_AverageEpLen,Train_AverageReturn,Train_StdReturn,Train_MaxReturn,Train_MinReturn,Train_AverageEpLen,Actor Loss,Baseline Loss,Train_EnvstepsSoFar,TimeSinceStart,Initial_DataCollection_AverageReturn,step
-188.80212,130.96565,-48.525352,-523.2772,87.43478260869566,-149.38963,69.51261,6.46859,-285.3733,83.24,-123.1270980834961,7592.2275390625,2081,1.546299695968628,-149.38963,0
-182.17398,83.51163,-70.78969,-364.17548,95.76190476190476,-188.63155,123.25392,-61.34643,-488.32037,92.0,-129.61465454101562,13745.658203125,4197,4.061837911605835,,1
-150.93599,70.57012,-67.21086,-319.5675,91.86363636363636,-180.85774,104.74113,-7.6659203,-467.67346,89.0,-124.26943969726562,11542.2919921875,6244,6.3703179359436035,,2
-120.51708,56.518925,50.677322,-272.03375,81.12,-165.30174,100.04128,-3.4589462,-343.0329,92.27272727272727,-103.05712127685547,7835.7333984375,8274,8.675167798995972,,3
-131.54825,77.47178,17.731392,-295.26892,97.80952380952381,-149.47562,56.57217,-66.3217,-256.6547,90.08695652173913,-88.07923889160156,4663.12255859375,10346,11.103729486465454,,4
-175.036,94.09477,-60.44756,-366.71808,92.3913043478261,-149.31844,71.420845,-69.743835,-342.29688,90.95652173913044,-81.78881072998047,4498.2861328125,12438,13.302979946136475,,5
-163.18573,82.39074,-66.41336,-359.98074,95.27272727272727,-154.98796,72.85704,-72.67044,-371.26215,85.95833333333333,-85.7008056640625,5244.8271484375,14501,15.90329122543335,,6
-144.95172,74.59578,-5.26503,-421.77832,83.72,-180.03038,98.188545,-37.252697,-396.9121,88.21739130434783,-101.93902587890625,7997.95703125,16530,18.404030799865723,,7
-158.7853,91.56403,-69.45343,-479.87857,91.72727272727273,-126.19239,59.930183,-0.06852722,-285.72253,87.78260869565217,-54.5749626159668,3092.384033203125,18549,20.56455969810486,,8
-121.0552,38.585785,-1.8400993,-180.77023,88.78260869565217,-154.6037,73.339836,-57.886402,-357.15723,85.16666666666667,-76.21424865722656,4847.32373046875,20593,22.73219347000122,,9
-143.23482,76.492004,-78.08551,-464.16315,88.21739130434783,-141.35446,62.380886,-16.417404,-281.14764,96.04761904761905,-52.657413482666016,2628.79931640625,22610,24.84952735900879,,10
-118.22453,62.794937,-20.775635,-255.00667,95.0909090909091,-114.029945,50.20896,43.90709,-228.12364,87.08695652173913,-34.91577911376953,2002.030029296875,24613,27.075206756591797,,11
-117.1171,50.92849,13.819275,-235.81114,97.61904761904762,-130.17444,45.85298,-60.64263,-265.3771,87.8695652173913,-42.91273498535156,1942.4521484375,26634,29.233810901641846,,12
-110.71705,51.37959,-7.7569427,-200.2433,91.95454545454545,-113.96287,39.365074,-54.501022,-222.17816,92.81818181818181,-24.71452522277832,1117.295654296875,28676,31.368643045425415,,13
-135.04861,74.28022,22.287971,-312.60645,104.5,-127.22132,29.6416,-77.62602,-194.46455,95.04545454545455,-30.017305374145508,1170.602294921875,30767,33.47460603713989,,14
-112.63675,26.796955,-64.83946,-184.56662,90.17391304347827,-121.635475,73.03146,-6.892929,-366.88516,91.78260869565217,-25.386137008666992,2715.39892578125,32878,35.75628614425659,,15
-125.201485,59.155354,-0.5252609,-319.39276,95.80952380952381,-121.1272,42.413017,-43.36219,-202.65738,92.36363636363636,-23.649381637573242,1231.5125732421875,34910,37.94334673881531,,16
-91.722305,33.582253,2.1780548,-138.66603,99.66666666666667,-109.383194,47.682304,18.931595,-221.45891,90.69565217391305,-14.468265533447266,1552.5614013671875,36996,40.39176321029663,,17
-111.24994,41.711193,-41.78273,-204.6614,96.04761904761905,-109.83391,48.726833,-20.502682,-218.94534,106.0,-5.684564113616943,1380.200439453125,39010,42.48887896537781,,18
-134.97383,61.099934,-54.848648,-317.38998,107.42105263157895,-126.81297,58.571247,-46.29688,-314.77063,96.66666666666667,-18.859678268432617,1632.223876953125,41040,44.6799840927124,,19
-113.538345,67.871284,-16.783829,-305.32385,108.6842105263158,-120.54899,46.045494,-62.954025,-211.55598,102.1,-10.949119567871094,1240.144287109375,43082,46.88671827316284,,20
-110.975174,55.361835,7.1075344,-266.48218,96.68181818181819,-125.399765,60.56801,-32.381134,-306.95312,99.0,-13.737886428833008,1569.262939453125,45161,49.404812812805176,,21
-117.73433,58.354927,-39.121117,-270.75745,100.8,-107.513336,72.64869,35.86006,-341.9101,93.27272727272727,-2.6887967586517334,2239.66357421875,47213,51.69942879676819,,22
-80.64842,68.63679,-13.792679,-338.41583,107.6842105263158,-99.82849,34.671165,-35.87274,-173.36916,93.36363636363636,3.220870018005371,454.20526123046875,49267,53.837247133255005,,23
-134.28082,96.75282,55.527832,-292.8335,115.83333333333333,-97.62431,29.51566,-38.901516,-167.63501,100.25,7.152572154998779,605.4686279296875,51272,56.07001185417175,,24
-112.73075,48.319942,-23.402739,-215.68721,103.35,-101.47992,39.736523,13.796944,-158.70314,107.26315789473684,7.4221649169921875,1026.0614013671875,53310,58.423012256622314,,25
-75.078804,40.103188,17.159454,-152.74251,118.38888888888889,-98.5818,51.293804,-13.320023,-207.311,103.75,9.079998016357422,1411.295654296875,55385,60.77667236328125,,26
-81.96344,62.35675,1.9445572,-282.8652,113.27777777777777,-102.65698,49.130478,-5.6431885,-190.83566,102.0,6.57907247543335,1168.7086181640625,57425,63.13568329811096,,27
-75.814445,33.097607,-25.9785,-167.2475,101.9,-73.3027,40.133064,4.3139677,-131.6311,120.58823529411765,26.319276809692383,1490.5850830078125,59475,65.34344434738159,,28
-68.73015,44.831745,9.587761,-153.26071,125.1875,-109.360954,83.41839,67.690506,-257.40912,205.25,19.63286018371582,2852.64404296875,61938,68.73640155792236,,29
-95.16524,59.46175,-22.845558,-268.39154,129.1875,-92.846214,51.32445,-29.051397,-194.27231,119.82352941176471,14.223912239074707,1080.499755859375,63975,71.08026266098022,,30
-100.85495,73.18944,-26.609875,-256.6648,167.5,-104.51771,70.64242,-33.359055,-298.10095,126.5625,7.041341304779053,1571.666259765625,66000,73.56513047218323,,31
-72.465385,58.425896,18.638802,-257.24658,146.92857142857142,-56.689037,73.87417,87.37686,-216.69112,241.77777777777777,33.3498420715332,3286.399658203125,68176,76.910329580307,,32
-88.921135,43.82295,-42.01506,-193.20134,139.6,-74.51999,53.288776,-2.8306503,-197.18097,139.2,22.068954467773438,1446.3360595703125,70264,79.44680070877075,,33
-81.92901,63.646297,5.2547836,-239.18842,127.125,-86.52959,71.94717,0.16836548,-251.37189,146.71428571428572,16.44198226928711,1665.4990234375,72318,82.26068592071533,,34
-69.25384,44.354794,-5.0891113,-178.36575,132.625,-60.26266,34.28637,-4.2999954,-124.55975,148.21428571428572,23.836626052856445,1438.72265625,74393,84.82613348960876,,35
-95.83943,53.81966,-29.255264,-220.8313,143.78571428571428,-76.62361,46.718643,-28.270752,-208.5524,143.8,16.38490867614746,1232.3681640625,76550,87.47106790542603,,36
-86.747696,96.97877,2.1957703,-347.9283,143.14285714285714,-80.01802,58.771465,-18.664883,-233.88174,143.0,13.506025314331055,1530.057373046875,78552,90.05262184143066,,37
-60.134678,56.939594,-6.0886765,-249.08058,126.0,-72.833145,73.2384,35.625,-225.581,143.57142857142858,14.788393020629883,1734.5938720703125,80562,92.65177083015442,,38
-63.82066,49.647915,31.117014,-158.96207,155.3846153846154,-78.3831,76.051605,40.363594,-210.55399,156.92307692307693,13.249446868896484,1800.47265625,82602,95.3849995136261,,39
-57.20941,77.777016,62.48001,-157.86464,267.5,-57.058178,42.55833,-6.376091,-152.95966,138.53333333333333,18.634838104248047,1068.7510986328125,84680,98.84839725494385,,40
-22.500643,30.628952,11.595139,-70.18577,160.15384615384616,-61.08442,74.32523,13.611282,-260.43707,145.42857142857142,15.956403732299805,1502.9283447265625,86716,101.65746831893921,,41
-81.72487,65.23205,-11.049395,-194.35916,295.85714285714283,-66.44754,56.82493,-6.4664836,-208.80513,200.7,17.863300323486328,1437.79052734375,88723,105.65953016281128,,42
-46.317856,31.945206,21.512798,-85.0995,268.875,-29.612953,59.156967,35.494263,-193.4971,160.69230769230768,26.876291275024414,2049.97119140625,90812,109.23977017402649,,43
-97.36594,95.85552,3.2291641,-289.87225,267.0,-53.584698,33.81959,-1.2197819,-109.617096,201.1,17.653099060058594,1198.7003173828125,92823,112.33463406562805,,44
-88.278275,79.05121,33.518753,-208.58351,235.66666666666666,-103.52749,45.763874,-17.332588,-178.30682,211.9,2.556140422821045,982.3463745117188,94942,115.3142318725586,,45
-53.083942,55.315132,54.018127,-178.21472,180.16666666666666,-66.768295,49.504715,1.543457,-156.96051,212.3,12.099287033081055,1541.0068359375,97065,118.04032850265503,,46
-99.29463,70.330605,-4.7926025,-250.17331,190.1818181818182,-61.344788,63.90232,0.66393757,-194.22714,231.0,13.266011238098145,1670.5128173828125,99144,121.51693844795227,,47
-60.1939,97.29484,51.22584,-211.32805,280.0,-71.31063,63.08618,13.729117,-163.52219,182.5,7.832040309906006,1890.7623291015625,101334,125.80810713768005,,48
-103.805244,76.41494,11.227692,-224.55838,264.75,-62.447395,72.85612,36.68164,-193.14243,169.53846153846155,7.605636119842529,1312.0528564453125,103538,129.79480814933777,,49
-57.77444,58.725563,55.55957,-116.40764,303.14285714285717,-72.676605,87.97599,25.177277,-228.07635,226.22222222222223,7.8271484375,1863.8800048828125,105574,133.88744926452637,,50
-25.209,45.500835,39.274597,-116.47435,297.0,-159.83365,76.55729,-50.427376,-258.73868,260.375,-9.110824584960938,2262.445068359375,107657,137.76029872894287,,51
-33.548447,57.66796,24.511684,-166.67006,169.84615384615384,-74.72064,72.56499,-2.965395,-211.29729,280.75,10.086857795715332,1567.8021240234375,109903,142.2934558391571,,52
-71.37317,61.801174,2.23843,-158.32306,504.0,-68.79151,106.60951,54.599606,-278.9833,213.6,7.262234687805176,1793.760009765625,112039,146.51433730125427,,53
-34.785145,52.319168,30.207779,-141.67336,307.85714285714283,-68.034256,60.27856,32.17228,-170.8601,313.5,11.706328392028809,1304.665771484375,114547,152.36202764511108,,54
-37.21194,58.781193,28.568554,-205.71898,184.63636363636363,-18.31416,31.246403,16.589828,-81.93869,263.44444444444446,20.473918914794922,1465.9208984375,116918,156.50504636764526,,55
-36.79951,37.011845,3.4832916,-132.79279,188.63636363636363,-15.171804,40.468685,52.489136,-99.091064,186.1818181818182,21.25043487548828,1479.1126708984375,118966,159.24944067001343,,56
-36.05327,55.08244,37.25627,-110.96654,342.0,-22.242304,36.098015,32.907173,-103.44632,283.1,17.966707229614258,1492.162841796875,121797,165.6675477027893,,57
-27.187523,73.51622,71.163704,-105.55611,723.6666666666666,-38.097008,72.4196,53.127716,-163.15115,429.4,13.642171859741211,1707.034912109375,123944,171.87397527694702,,58
-9.10434,20.312561,13.970329,-35.459564,709.3333333333334,-34.35912,47.68204,27.96726,-143.78033,235.44444444444446,11.928979873657227,1856.9375,126063,177.52655410766602,,59
-23.25963,60.089138,76.91039,-82.6584,515.75,-27.004276,83.7861,30.182903,-192.40614,440.2,12.209786415100098,1648.3182373046875,128264,183.62194967269897,,60
-30.450483,44.482155,9.839954,-115.16735,351.0,-18.569391,43.69112,49.556175,-85.625435,293.42857142857144,12.406085968017578,1392.7188720703125,130318,189.85402870178223,,61
-52.07333,54.18993,37.076496,-152.7425,193.1818181818182,-23.814068,44.336895,40.071587,-111.73736,289.75,11.54348087310791,1136.1343994140625,132636,193.90503764152527,,62
-48.990063,50.52187,20.152466,-131.67114,185.8181818181818,15.9434595,52.69747,96.61323,-79.16304,407.14285714285717,16.039722442626953,1008.7933959960938,135486,199.5072681903839,,63
-16.148836,58.248196,64.093796,-104.955666,301.0,-7.1749268,38.07308,45.101715,-79.32126,417.85714285714283,12.090018272399902,963.9146728515625,138411,208.0558295249939,,64
-51.183094,34.633335,-15.743774,-119.83325,352.5,-22.078678,37.423283,26.293793,-82.233826,289.57142857142856,9.15893840789795,987.4617919921875,140438,213.5958869457245,,65
-3.0404472,39.439754,49.04353,-75.15353,407.2857142857143,-45.67339,61.71498,47.03894,-185.83029,225.3,-0.3300767242908478,2013.797607421875,142691,220.62210083007812,,66
0.72494537,38.11414,53.34507,-50.976063,292.42857142857144,-22.328756,64.17395,58.483517,-130.65993,376.85714285714283,8.123359680175781,1622.54736328125,145329,225.8698320388794,,67
14.970624,31.538483,57.000175,-33.473408,505.0,-4.1140585,25.738596,29.789751,-58.950596,374.125,9.992033958435059,883.8883056640625,148322,232.95591259002686,,68
-8.6263485,33.834026,54.158012,-78.01142,245.8,19.842762,15.911368,36.094666,1.9604492,604.25,11.336766242980957,842.4527587890625,150739,239.0756139755249,,69
-20.251957,32.696545,34.173927,-52.6986,258.125,46.291656,28.833092,85.334915,16.5848,704.3333333333334,11.418723106384277,824.29931640625,152852,244.87323880195618,,70
4.797743,11.471885,22.415726,-12.135326,256.375,22.110939,21.930672,70.031815,-12.676054,358.75,12.497740745544434,980.8978881835938,155722,250.8537003993988,,71
-13.842722,21.070473,30.740349,-34.796173,264.375,20.768595,27.900032,72.626526,-9.61277,401.85714285714283,10.374008178710938,957.515380859375,158535,256.98250937461853,,72
14.155266,40.35817,58.56752,-72.47696,395.57142857142856,-4.228678,21.385847,24.01192,-42.156174,265.875,6.217517852783203,1000.4937744140625,160662,262.68858003616333,,73
10.667,21.495136,54.19355,-26.290722,243.77777777777777,31.577595,18.80938,54.96958,6.3510284,485.4,8.233236312866211,693.8871459960938,163089,268.0579080581665,,74
10.542382,28.073616,64.49015,-37.717186,223.25,-6.4783406,24.21402,32.14481,-36.19054,412.14285714285717,4.190273761749268,852.3755493164062,165974,274.9036109447479,,75
53.323257,28.863579,82.18684,24.459679,1000.0,-15.644552,33.391582,28.967102,-77.6971,287.14285714285717,2.3696231842041016,1553.2164306640625,167984,281.31549525260925,,76
21.487556,11.566005,32.558113,3.8609695,584.5,2.5608592,40.31377,46.742306,-105.05584,332.55555555555554,5.360241413116455,1197.272216796875,170977,290.1115913391113,,77
11.379104,32.474052,71.169586,-26.795979,308.14285714285717,2.8349438,50.350353,78.67552,-57.43901,593.75,4.268048286437988,820.14697265625,173352,296.2361476421356,,78
23.303686,47.35937,70.91965,-49.21328,582.0,10.470324,28.555935,46.394356,-47.005634,260.375,8.772643089294434,1113.953369140625,175435,302.5060496330261,,79
10.111707,22.447937,45.834274,-11.456516,450.0,22.427765,4.3631897,26.790955,18.064575,1000.0,4.312127590179443,517.61962890625,177435,308.6956076622009,,80
35.703,24.517025,60.220024,11.185974,1000.0,50.84138,62.892963,139.63286,1.9352951,707.0,4.192051887512207,849.422607421875,179556,315.10733127593994,,81
20.1966,51.124958,109.964165,-60.737907,467.8333333333333,13.697647,62.90785,127.15813,-54.454865,521.4,4.367425918579102,843.8809204101562,182163,322.4271638393402,,82
102.22186,9.109722,111.33159,93.112144,1000.0,7.2967014,49.730648,86.59567,-56.76765,343.1666666666667,4.7976765632629395,1263.861083984375,184222,328.6198070049286,,83
-3.9783669,42.364017,37.418243,-102.977936,218.7,29.200449,34.537113,75.18691,-8.045927,740.6666666666666,4.1059465408325195,473.3273010253906,186444,333.1497628688812,,84
21.419704,49.88455,97.62563,-27.95557,624.5,29.199537,36.046707,73.66609,-26.769157,634.0,3.899454116821289,927.079833984375,188980,341.14879608154297,,85
52.150703,2.8009949,54.9517,49.34971,1000.0,74.32549,81.55829,240.01102,-3.9484634,342.1666666666667,11.610576629638672,1243.7467041015625,191033,346.9286892414093,,86
9.68532,35.78514,52.16673,-49.335022,417.2,25.881372,53.82489,112.62896,-54.205944,528.6,4.072094917297363,639.4395751953125,193676,355.2668414115906,,87
19.295141,64.75728,100.9902,-72.5648,515.2,83.64455,4.9376564,88.58221,78.706894,1000.0,4.07958459854126,526.1155395507812,195676,363.81425404548645,,88
16.022991,47.633038,66.23275,-62.380825,612.5,117.48781,2.247448,119.73525,115.24036,1000.0,7.100149631500244,543.9593505859375,197676,370.70412373542786,,89
-31.707493,50.38162,12.286667,-117.08327,591.0,42.567856,42.02446,101.70235,7.8608704,727.3333333333334,2.555431842803955,669.1697998046875,199858,735.8100531101227,,90
73.264656,63.281006,154.03024,-0.5010414,717.0,58.475,40.67245,107.06371,11.604614,588.5,4.712628364562988,443.48284912109375,202212,741.8221323490143,,91
51.777534,95.45581,210.64362,-44.351173,619.0,93.77764,20.073769,113.85141,73.70387,1000.0,3.9645726680755615,494.2373352050781,204212,746.0948321819305,,92
37.66457,64.739456,172.79712,-31.494606,363.875,49.151184,32.215515,81.3667,16.935669,1000.0,0.3960075080394745,566.4359130859375,206212,750.7680959701538,,93
-43.0559,114.97256,106.381805,-213.97821,585.25,101.12344,13.4611435,114.58459,87.6623,1000.0,4.187891483306885,335.46514892578125,208212,754.6421658992767,,94
103.746185,60.853535,202.93764,38.434288,675.0,103.78358,75.803764,189.48245,5.156975,820.0,4.293368339538574,662.242919921875,210672,760.0520277023315,,95
56.76974,8.208515,64.97826,48.561226,1000.0,68.968094,78.88053,209.13394,-3.97715,422.6,2.5901591777801514,1412.2843017578125,212785,763.9395360946655,,96
23.57989,42.682274,86.12931,-11.600937,575.0,7.111499,13.750117,26.804634,-13.511337,543.6,-1.9944254159927368,683.0475463867188,215503,769.0530436038971,,97
44.741123,59.135895,126.86273,-27.143908,545.8,82.15891,102.75136,247.5659,-24.69466,679.5,2.9037344455718994,741.5010986328125,218221,774.7845039367676,,98
72.229126,4.1850166,76.41414,68.044106,1000.0,13.8460455,84.47502,176.97589,-95.90982,462.3333333333333,-2.2304718494415283,1316.5504150390625,220995,779.3782775402069,,99
58.522957,68.07586,165.2367,-38.80294,483.0,25.408987,68.02785,153.21848,-41.2831,417.8,1.172477126121521,1041.14501953125,223084,783.0126299858093,,100
92.9443,106.22496,198.83588,-27.916763,531.5,29.929565,44.673965,98.95456,-25.997185,653.75,-0.01033877208828926,578.6143798828125,225699,787.7004680633545,,101
66.32715,53.398,153.14658,20.786476,639.75,-1.1422455,43.25818,66.65829,-58.32377,413.0,-2.0068650245666504,1224.5838623046875,227764,791.8139777183533,,102
62.576214,72.82135,131.33052,-38.201675,753.3333333333334,55.575882,57.40869,125.32602,-18.100128,623.25,2.974149227142334,713.9866943359375,230257,796.319105386734,,103
104.700165,113.77393,227.76344,-34.79187,625.5,78.87874,117.72961,241.36537,-62.37651,569.25,5.245916843414307,1013.4309692382812,232534,801.1473455429077,,104
59.975594,91.18706,240.40698,-8.20372,499.4,52.17383,58.228832,94.167175,-30.168701,748.0,3.253270387649536,561.921142578125,234778,806.3882029056549,,105
94.6012,95.90912,224.3426,-17.57212,560.0,45.020275,84.75028,142.5886,-61.4868,653.75,2.4608335494995117,671.4036865234375,237393,811.092024564743,,106
108.010284,17.85564,125.86592,90.15464,1000.0,47.497314,51.67455,102.17275,-14.875866,622.5,2.136185646057129,665.2665405273438,239883,816.0424098968506,,107
37.147312,25.119408,58.26655,1.8498611,761.6666666666666,33.238094,46.850548,137.39499,5.3825016,378.8333333333333,2.0976603031158447,944.6549682617188,242156,820.1443383693695,,108
47.79555,53.047173,110.37694,-26.024513,646.25,71.993645,25.16652,105.0846,44.100395,752.6666666666666,3.549031972885132,466.8353576660156,244414,824.3084280490875,,109
115.295265,73.701126,202.71169,22.428516,741.3333333333334,57.98937,34.738625,115.8179,23.79869,636.0,2.5545012950897217,517.271240234375,246958,829.2458548545837,,110
179.32617,46.976208,241.17044,127.389496,757.0,36.46283,76.53086,184.61081,-46.745296,442.3333333333333,1.9761853218078613,1444.0037841796875,249612,833.7917997837067,,111
15.765497,48.98962,91.64456,-52.354656,429.4,84.730965,1.4565353,86.1875,83.27443,1000.0,3.4582486152648926,382.78594970703125,251612,837.6021692752838,,112
80.0211,45.559814,134.7557,16.342422,632.75,115.65038,18.984276,134.63466,96.66611,1000.0,4.0547919273376465,272.5606384277344,253612,842.300455570221,,113
63.201385,72.82569,164.56903,-22.971298,670.75,45.36209,51.23028,81.71474,-27.088318,791.3333333333334,0.8084830641746521,478.88690185546875,255986,846.5168845653534,,114
89.80138,12.648956,102.45033,77.15242,1000.0,46.07515,80.31012,119.50758,-81.681656,645.5,1.744832158088684,661.9736938476562,258568,851.4983711242676,,115
124.13158,24.267673,148.39925,99.8639,1000.0,48.640774,62.145752,102.34416,-38.461243,783.0,0.405781090259552,547.4113159179688,260917,855.9902348518372,,116
100.93887,9.687092,110.62597,91.251785,1000.0,73.76566,17.258827,91.02449,56.506836,1000.0,1.8507373332977295,195.9692840576172,262917,860.3857765197754,,117
74.00715,73.77075,149.13081,-26.248482,853.3333333333334,62.268124,66.485435,128.68591,-14.778744,620.5,2.378086566925049,641.8751831054688,265399,865.3840045928955,,118
91.488434,7.333023,98.82146,84.15541,1000.0,132.99704,11.987019,144.98405,121.01002,1000.0,4.113874912261963,341.8160400390625,267399,869.5539791584015,,119
112.669205,6.5126686,119.18187,106.15653,1000.0,144.67755,10.8433,155.52084,133.83424,1000.0,4.656698703765869,474.4197082519531,269399,873.4983842372894,,120
20.321909,87.5693,119.92773,-86.21181,692.25,57.69917,55.873775,113.572945,1.8253937,1000.0,-0.8105637431144714,215.03933715820312,271399,878.4561967849731,,121
77.07327,10.010838,87.084114,67.06244,1000.0,116.31592,3.8821373,120.19805,112.43378,1000.0,2.515319585800171,314.8099365234375,273399,882.8818778991699,,122
77.640785,60.73675,139.46999,-4.9099655,724.0,110.697914,24.259727,134.95764,86.43819,1000.0,1.5108104944229126,301.8655090332031,275399,887.0853881835938,,123
74.58323,55.680492,139.09723,15.808693,612.75,148.10202,11.478111,159.58014,136.62392,1000.0,2.5460586547851562,343.08673095703125,277399,891.5567212104797,,124
132.75793,6.8432465,139.60118,125.91469,1000.0,83.2382,72.89881,139.23213,-19.724518,729.0,2.199655055999756,664.5155029296875,279586,895.7650547027588,,125
100.640785,71.51815,156.05891,-0.3409958,719.3333333333334,109.73601,70.34414,185.05922,-5.4003525,732.25,3.43084716796875,655.4808959960938,282515,900.9886910915375,,126
30.453476,69.4273,175.97542,-46.852005,340.0,90.729004,47.941597,134.89102,24.095974,736.3333333333334,2.1984503269195557,452.3439636230469,284724,904.5309870243073,,127
50.66553,64.76245,141.47334,-7.8987656,449.1666666666667,96.55714,41.328197,134.89474,39.182304,720.0,2.1389195919036865,435.46942138671875,286884,908.9805464744568,,128
70.42622,65.17437,149.05286,-0.41622734,578.75,111.90237,54.07312,155.57152,35.702286,719.6666666666666,2.4141502380371094,631.177001953125,289043,913.1340401172638,,129
122.6098,75.454384,222.3787,9.765068,644.5,61.145008,54.12653,142.8267,16.78627,453.5,1.8058347702026367,907.0977783203125,291764,917.0536994934082,,130
63.820457,74.33738,155.20642,-11.176996,499.4,41.84285,33.82146,127.67678,12.261108,270.75,2.4694430828094482,1222.643798828125,293930,920.4123156070709,,131
36.070484,42.77285,134.56233,-28.368874,275.5,76.2496,71.708176,181.17345,-10.9603,438.8333333333333,2.7072649002075195,1186.7598876953125,296563,923.7162842750549,,132
136.18164,9.22747,145.40912,126.95418,1000.0,159.42157,8.710136,168.13171,150.71144,1000.0,2.996969699859619,706.4668579101562,298563,927.9171042442322,,133
136.39474,1.4723434,137.8671,134.92241,1000.0,57.56911,56.76547,165.08894,8.563492,460.3333333333333,1.5550161600112915,1146.03271484375,301325,931.6454119682312,,134
130.72925,11.97776,142.707,118.75148,1000.0,24.763407,43.322475,117.18811,-20.276703,289.7142857142857,-0.5640586018562317,1113.931884765625,303353,935.5962152481079,,135
61.781868,74.59475,171.77553,-25.051048,504.6,98.00614,85.962494,176.54674,-21.624947,727.0,1.794589877128601,705.2512817382812,305534,939.8095371723175,,136
76.43642,52.81122,136.72498,23.660797,589.0,113.584206,52.169086,151.55069,39.816574,756.6666666666666,3.3036985397338867,651.6273193359375,307804,944.1691896915436,,137
88.79821,61.34544,159.46352,24.987804,637.75,107.61577,102.70293,228.15814,-55.769165,658.5,2.584266185760498,825.31396484375,310438,949.0209908485413,,138
139.99274,23.558907,163.55164,116.43382,1000.0,134.82224,14.19968,149.02191,120.62255,1000.0,2.6530752182006836,441.3993835449219,312438,953.4432113170624,,139
79.958176,90.14011,236.22694,-19.71952,409.8,97.110085,46.16892,134.39006,32.04805,745.3333333333334,2.2573797702789307,576.2543334960938,314674,957.1858491897583,,140
51.021645,65.84263,142.7841,-16.54454,603.5,38.1579,72.74916,156.39665,-41.918015,559.8,-1.1167815923690796,1231.1483154296875,317473,961.79958152771,,141
84.91069,24.917103,109.82779,59.993584,1000.0,148.48927,24.402683,172.89195,124.086586,1000.0,2.805659294128418,516.734619140625,319473,965.5935959815979,,142
108.931496,71.52423,204.60873,5.126343,743.75,139.60663,16.104057,155.7107,123.50258,1000.0,1.6589869260787964,418.0569152832031,321473,969.6975362300873,,143
54.948048,77.39662,126.080475,-52.66321,765.3333333333334,58.86805,83.134674,167.9532,-28.505783,581.0,-0.21838876605033875,889.4727172851562,323797,973.8015515804291,,144
32.613102,87.91217,172.89206,-51.73018,511.0,131.12724,3.684707,136.26123,127.787445,942.3333333333334,1.866132378578186,424.3893737792969,326624,978.2864327430725,,145
80.31153,34.931145,122.88841,37.327835,748.6666666666666,30.8055,65.54429,113.6916,-75.711044,540.6,-2.029886245727539,941.5872802734375,329327,983.3249704837799,,146
33.866222,58.996387,92.86261,-25.130165,1000.0,41.427773,33.29281,71.66296,-4.9466896,729.3333333333334,-1.036648154258728,303.84619140625,331515,988.8955237865448,,147
2.8438072,63.898285,89.22707,-63.32465,792.0,23.299576,60.379745,109.522705,-41.289562,651.5,-1.8143948316574097,663.9420166015625,334121,994.7011241912842,,148
49.2566,41.826385,91.082985,7.430214,1000.0,-39.931923,27.363497,-8.259483,-67.27279,529.5,-8.827144622802734,1469.4622802734375,336239,999.1473956108093,,149
31.266617,70.00301,130.2491,-19.8004,832.0,68.49199,74.0931,180.59836,-13.1910515,669.0,-0.5402936935424805,648.2252197265625,338915,1004.4396290779114,,150
-74.624954,8.418591,-66.20636,-83.04354,1000.0,67.59601,94.9815,149.45512,-65.564445,861.3333333333334,0.5375946760177612,430.5776062011719,341499,1010.8815586566925,,151
-66.26726,9.564913,-56.702343,-75.83217,1000.0,-12.709238,6.251211,-6.458027,-18.96045,1000.0,-3.000539541244507,245.88026428222656,343499,1015.7467486858368,,152
-47.92498,34.121857,-13.803127,-82.04684,1000.0,-35.306427,21.6214,-13.685028,-56.92783,1000.0,-3.426537036895752,416.7315368652344,345499,1022.02326130867,,153
-62.28299,13.985321,-48.29767,-76.26831,1000.0,-56.41335,17.714832,-38.698517,-74.12818,1000.0,-3.9675211906433105,277.2342529296875,347499,1027.7647132873535,,154
-26.898964,19.707962,-7.191002,-46.606926,1000.0,-53.96727,0.7588806,-53.20839,-54.72615,1000.0,-3.5454835891723633,349.37823486328125,349499,1033.9071505069733,,155
-56.334694,8.698944,-47.63575,-65.03364,1000.0,-64.37616,42.28986,-22.086296,-106.666016,1000.0,-3.171278238296509,420.6293640136719,351499,1040.090568780899,,156
-59.280113,3.5688915,-55.71122,-62.849003,1000.0,-36.69988,4.286091,-32.413788,-40.98597,1000.0,-1.0447087287902832,535.1337890625,353499,1044.9794309139252,,157
-55.356,1.6804314,-53.675568,-57.03643,1000.0,-48.831665,26.547318,-22.284348,-75.37898,1000.0,-1.1154344081878662,416.5490417480469,355499,1050.9859268665314,,158
-71.33596,21.955353,-49.380608,-93.29131,1000.0,-71.401,0.20278549,-71.19821,-71.60378,1000.0,-1.3079355955123901,228.01663208007812,357499,1056.6040177345276,,159
-64.11587,24.778656,-39.33721,-88.89452,1000.0,-53.317703,39.44593,-13.871773,-92.76363,1000.0,-0.5338265299797058,331.2850646972656,359499,1063.4540467262268,,160
-56.247227,9.067165,-47.18006,-65.31439,1000.0,-56.488674,7.787861,-48.700813,-64.276535,1000.0,-0.36514046788215637,454.50799560546875,361499,1069.862922668457,,161
-53.22738,16.872108,-36.35527,-70.09949,1000.0,-29.973412,9.316299,-20.657112,-39.28971,1000.0,1.5178134441375732,464.6056213378906,363499,1076.6138136386871,,162
-20.404747,3.9368362,-16.46791,-24.341583,1000.0,-34.396942,13.402006,-20.994934,-47.798946,1000.0,1.1474858522415161,375.0223083496094,365499,1083.5834114551544,,163
72.17987,71.29791,143.47778,0.881958,1000.0,-14.240822,4.758827,-9.481995,-18.99965,1000.0,1.6861103773117065,514.1566772460938,367499,1088.552098274231,,164
-52.87511,18.138668,-34.736443,-71.01378,1000.0,123.873505,8.540985,132.41449,115.33252,1000.0,9.391764640808105,597.7395629882812,369499,1093.7611243724823,,165
79.81121,77.18163,148.96825,-27.900642,718.6666666666666,-47.538376,21.317314,-26.221062,-68.85569,1000.0,0.09740020334720612,408.0095520019531,371499,1099.9880111217499,,166
72.63231,101.02408,173.65639,-28.39177,1000.0,-62.156693,49.404755,-5.953659,-126.20482,895.6666666666666,-1.0183641910552979,738.3917236328125,374186,1107.1272401809692,,167
41.306988,60.599926,101.90691,-19.292938,1000.0,-45.9425,16.540531,-29.40197,-62.483032,1000.0,-0.7998334765434265,455.4709167480469,376186,1112.613431930542,,168
44.349335,71.40292,115.75226,-27.053589,1000.0,140.93109,9.030922,149.962,131.90016,1000.0,9.209708213806152,590.5542602539062,378186,1117.106460094452,,169
76.31916,39.68511,127.28496,30.483688,737.3333333333334,138.54642,1.8948364,140.44125,136.65158,1000.0,8.945438385009766,628.0408935546875,380186,1122.1480405330658,,170
98.58408,107.53561,220.82494,-74.07881,716.5,81.3488,9.904064,91.25286,71.44473,1000.0,5.316129684448242,320.28131103515625,382186,1128.104160308838,,171
148.16853,19.137146,167.30568,129.03139,1000.0,99.16731,3.2141228,102.38144,95.95319,1000.0,5.431600093841553,350.2925109863281,384186,1132.408774137497,,172
86.17464,82.14139,220.48764,7.5065765,401.0,66.30929,53.513897,139.7446,13.747162,733.6666666666666,3.709256887435913,737.0151977539062,386387,1136.2140917778015,,173
153.79431,41.386066,210.52306,112.956085,771.0,121.421585,4.823147,126.24473,116.598434,1000.0,5.75262975692749,481.0463562011719,388387,1140.2397067546844,,174
132.23766,6.1950116,138.43266,126.04264,1000.0,174.95941,42.36168,234.70709,141.28716,777.0,6.694849491119385,860.2272338867188,390718,1143.9340252876282,,175
161.15472,8.139542,169.29427,153.01518,1000.0,118.71319,67.60157,174.52145,23.585274,734.3333333333334,4.902169704437256,891.8909912109375,392921,1147.363536119461,,176
109.704796,54.439068,159.276,33.90508,718.6666666666666,142.43047,20.852077,163.28255,121.57839,1000.0,3.527296781539917,639.8142700195312,394921,1150.9896943569183,,177
101.07864,57.7845,160.60347,28.50392,576.25,106.10892,46.986122,142.04321,39.73631,730.0,3.3010754585266113,740.2771606445312,397111,1154.9652898311615,,178
145.75226,10.671875,156.42413,135.08038,1000.0,50.400463,70.28743,158.7313,-19.591965,448.1666666666667,1.511623501777649,1095.61572265625,399800,1158.8981039524078,,179
43.509155,57.904305,144.62204,-15.435829,410.14285714285717,145.12404,72.78072,219.87094,10.688438,585.4,5.1371002197265625,989.8477783203125,402727,1163.4164643287659,,180
143.19852,12.922798,156.12132,130.27573,1000.0,52.1692,59.55098,153.94345,-12.22126,439.5,0.529658317565918,1366.8658447265625,405364,1167.494651556015,,181
128.41394,6.2452736,134.65921,122.16866,1000.0,47.432896,57.586395,138.26627,-25.770317,389.42857142857144,0.6756240129470825,1155.0667724609375,408090,1171.7298791408539,,182
87.86684,66.02478,190.97672,31.900005,489.6,67.22709,71.877846,154.0149,-11.791306,501.0,1.4767478704452515,1311.92529296875,410595,1175.5801980495453,,183
47.992275,85.0818,215.526,-28.369267,305.0,92.84244,62.409245,154.47809,7.314871,713.6666666666666,1.6883684396743774,578.7344970703125,412736,1179.3865973949432,,184
29.72662,37.678204,125.914894,3.9054184,255.25,69.64496,65.506195,197.4356,11.800308,394.0,3.3182191848754883,1264.626953125,415494,1183.034907579422,,185
65.64692,44.639,133.32608,16.980785,384.42857142857144,114.59436,86.7518,220.80112,8.214645,454.8,5.289348602294922,1302.97607421875,417768,1187.1966497898102,,186
108.76477,42.364235,150.2072,50.573746,705.0,41.599796,60.815716,140.90324,-16.353874,363.25,1.2501617670059204,1534.9541015625,420674,1191.1752035617828,,187
87.41832,54.904884,168.79417,36.383713,486.2,130.49995,9.355907,139.85587,121.14405,1000.0,1.9452811479568481,595.5421142578125,422674,1195.1964025497437,,188
61.47059,61.407127,144.9184,-14.785576,494.6,85.16417,51.649574,141.34076,15.693916,578.75,2.6700656414031982,737.0409545898438,424989,1199.4911398887634,,189
116.228165,26.419361,142.64752,89.8088,1000.0,105.96699,48.942036,154.10507,38.82791,725.0,1.9880001544952393,736.799072265625,427164,1203.3271400928497,,190
63.76002,50.19697,129.3034,0.6558151,590.25,73.9972,75.07428,136.26904,-31.60942,739.3333333333334,0.28776034712791443,878.1319580078125,429382,1207.3607008457184,,191
40.123497,85.986946,152.0885,-48.764725,601.75,89.20428,46.58753,125.06653,23.408539,725.6666666666666,1.4051083326339722,727.3154296875,431559,1211.8899984359741,,192
129.34729,61.13825,204.31839,54.56122,686.6666666666666,96.60794,20.64381,117.251755,75.964134,1000.0,1.233459711074829,431.7024230957031,433559,1216.221806049347,,193
83.25852,118.99294,177.2866,-84.61917,855.3333333333334,78.964066,57.682358,136.64642,21.281708,1000.0,-0.08012881875038147,400.2265930175781,435559,1222.1535904407501,,194
157.26259,19.08457,179.48145,132.88391,879.0,51.81191,79.41149,147.2004,-47.215134,730.0,0.13924798369407654,714.9569091796875,437749,1226.874927520752,,195
174.75883,57.415836,249.85526,110.46622,963.6666666666666,138.82138,23.803207,162.62459,115.01817,1000.0,2.5746405124664307,474.2631530761719,439749,1231.9508001804352,,196
57.633488,52.251507,109.884995,5.381981,1000.0,49.337658,117.39489,159.11975,-140.47958,590.0,-0.17949016392230988,1408.7119140625,442109,1237.0353333950043,,197
143.34431,13.754257,157.09857,129.59006,1000.0,95.34683,9.340755,104.687584,86.00607,1000.0,1.20048189163208,258.97607421875,444109,1241.423578262329,,198
93.003006,39.66187,132.66487,53.341133,1000.0,83.49744,55.836216,145.13396,9.933075,737.0,2.0098094940185547,631.9006958007812,446320,1246.4323153495789,,199
