Eval_AverageReturn,Eval_StdReturn,Eval_MaxReturn,Eval_MinReturn,Eval_AverageEpLen,Train_AverageReturn,Train_StdReturn,Train_MaxReturn,Train_MinReturn,Train_AverageEpLen,Actor Loss,Train_EnvstepsSoFar,TimeSinceStart,Initial_DataCollection_AverageReturn,step
28.785715,19.442879,72.0,10.0,28.785714285714285,24.579268,12.99577,82.0,8.0,24.579268292682926,11.154756546020508,4031,0.92997145652771,24.579268,0
41.2,17.634058,70.0,19.0,41.2,31.801588,17.763445,95.0,12.0,31.8015873015873,14.165268898010254,8038,2.0878419876098633,,1
52.625,21.897131,84.0,22.0,52.625,42.957447,21.560856,120.0,14.0,42.95744680851064,17.615692138671875,12076,3.019707441329956,,2
61.857143,15.85135,87.0,42.0,61.857142857142854,52.69737,23.00516,136.0,19.0,52.69736842105263,19.689634323120117,16081,3.9283392429351807,,3
75.0,22.060522,118.0,53.0,75.0,61.484848,28.24366,189.0,21.0,61.484848484848484,22.685556411743164,20139,4.865480661392212,,4
100.0,19.659603,125.0,71.0,100.0,69.913795,31.103436,162.0,18.0,69.91379310344827,24.851417541503906,24194,5.782510042190552,,5
79.166664,17.449131,100.0,57.0,79.16666666666667,73.23637,35.442635,188.0,22.0,73.23636363636363,26.07880401611328,28222,6.7061896324157715,,6
109.75,28.340563,154.0,75.0,109.75,91.61364,39.397865,200.0,30.0,91.61363636363636,30.408218383789062,32253,7.693235397338867,,7
146.75,38.173126,200.0,97.0,146.75,102.871796,40.03023,200.0,51.0,102.87179487179488,32.56646728515625,36265,8.636215925216675,,8
116.0,38.22957,161.0,68.0,116.0,129.6129,46.08665,200.0,59.0,129.61290322580646,39.97629928588867,40283,9.572080612182617,,9
158.66667,3.8586123,164.0,155.0,158.66666666666666,168.08333,23.660652,200.0,118.0,168.08333333333334,45.8756103515625,44317,10.502135753631592,,10
168.0,19.815819,195.0,148.0,168.0,171.5,26.170914,200.0,113.0,171.5,46.42255783081055,48433,11.446157932281494,,11
163.66667,26.08107,200.0,140.0,163.66666666666666,177.47826,31.566174,200.0,110.0,177.47826086956522,47.57626724243164,52515,12.387526512145996,,12
200.0,0.0,200.0,200.0,200.0,183.27272,30.110682,200.0,103.0,183.27272727272728,48.37895584106445,56547,13.29967975616455,,13
200.0,0.0,200.0,200.0,200.0,197.38095,8.818142,200.0,161.0,197.38095238095238,50.11763381958008,60692,14.241620779037476,,14
200.0,0.0,200.0,200.0,200.0,195.61905,15.866937,200.0,127.0,195.61904761904762,50.486785888671875,64800,15.165056705474854,,15
200.0,0.0,200.0,200.0,200.0,196.09525,12.070841,200.0,156.0,196.0952380952381,49.032474517822266,68918,16.07937479019165,,16
200.0,0.0,200.0,200.0,200.0,195.90475,18.31446,200.0,114.0,195.9047619047619,48.836395263671875,73032,17.005018711090088,,17
200.0,0.0,200.0,200.0,200.0,199.71428,1.2777529,200.0,194.0,199.71428571428572,50.340816497802734,77226,17.96942448616028,,18
200.0,0.0,200.0,200.0,200.0,200.0,0.0,200.0,200.0,200.0,49.09251403808594,81226,18.867568016052246,,19
200.0,0.0,200.0,200.0,200.0,200.0,0.0,200.0,200.0,200.0,48.833126068115234,85226,19.77408456802368,,20
200.0,0.0,200.0,200.0,200.0,200.0,0.0,200.0,200.0,200.0,48.76805114746094,89226,20.680177927017212,,21
200.0,0.0,200.0,200.0,200.0,200.0,0.0,200.0,200.0,200.0,48.715179443359375,93226,21.589406728744507,,22
200.0,0.0,200.0,200.0,200.0,200.0,0.0,200.0,200.0,200.0,47.39344787597656,97226,22.480393886566162,,23
200.0,0.0,200.0,200.0,200.0,200.0,0.0,200.0,200.0,200.0,47.235652923583984,101226,23.436213731765747,,24
200.0,0.0,200.0,200.0,200.0,200.0,0.0,200.0,200.0,200.0,46.579124450683594,105226,24.388612747192383,,25
200.0,0.0,200.0,200.0,200.0,200.0,0.0,200.0,200.0,200.0,46.210025787353516,109226,25.297734260559082,,26
200.0,0.0,200.0,200.0,200.0,200.0,0.0,200.0,200.0,200.0,44.41789245605469,113226,26.175854682922363,,27
200.0,0.0,200.0,200.0,200.0,200.0,0.0,200.0,200.0,200.0,43.0925407409668,117226,27.09693479537964,,28
200.0,0.0,200.0,200.0,200.0,200.0,0.0,200.0,200.0,200.0,43.028568267822266,121226,28.00456166267395,,29
200.0,0.0,200.0,200.0,200.0,200.0,0.0,200.0,200.0,200.0,41.72171401977539,125226,28.91223978996277,,30
200.0,0.0,200.0,200.0,200.0,200.0,0.0,200.0,200.0,200.0,41.3121223449707,129226,29.810784101486206,,31
200.0,0.0,200.0,200.0,200.0,198.04762,8.731313,200.0,159.0,198.04761904761904,40.01009750366211,133385,30.738118886947632,,32
200.0,0.0,200.0,200.0,200.0,200.0,0.0,200.0,200.0,200.0,38.26051330566406,137385,31.74201273918152,,33
200.0,0.0,200.0,200.0,200.0,200.0,0.0,200.0,200.0,200.0,39.515201568603516,141385,32.64148449897766,,34
200.0,0.0,200.0,200.0,200.0,200.0,0.0,200.0,200.0,200.0,38.37532424926758,145385,33.53888988494873,,35
200.0,0.0,200.0,200.0,200.0,200.0,0.0,200.0,200.0,200.0,37.094886779785156,149385,34.465219259262085,,36
200.0,0.0,200.0,200.0,200.0,200.0,0.0,200.0,200.0,200.0,36.33563995361328,153385,35.37960171699524,,37
200.0,0.0,200.0,200.0,200.0,195.0,15.430335,200.0,145.0,195.0,36.200191497802734,157480,36.32291030883789,,38
184.33333,22.156012,200.0,153.0,184.33333333333334,197.5238,11.073861,200.0,148.0,197.52380952380952,36.02116775512695,161628,37.31266236305237,,39
186.66667,18.856182,200.0,160.0,186.66666666666666,184.36363,26.235897,200.0,120.0,184.36363636363637,34.08468246459961,165684,38.25492215156555,,40
149.5,30.5,200.0,119.0,149.5,159.11539,26.501562,200.0,125.0,159.1153846153846,30.499860763549805,169821,39.25826549530029,,41
133.66667,6.9442225,142.0,125.0,133.66666666666666,144.10715,24.228582,200.0,111.0,144.10714285714286,26.635276794433594,173856,40.20653676986694,,42
130.25,7.154544,140.0,120.0,130.25,132.32259,21.354742,200.0,110.0,132.32258064516128,24.088356018066406,177958,41.13254380226135,,43
130.25,11.648498,140.0,111.0,130.25,130.09677,11.5823965,162.0,114.0,130.09677419354838,23.21666145324707,181991,42.05147099494934,,44
162.33333,30.22508,200.0,126.0,162.33333333333334,134.4,15.335362,200.0,114.0,134.4,24.450908660888672,186023,42.966094732284546,,45
200.0,0.0,200.0,200.0,200.0,144.28572,22.341276,200.0,110.0,144.28571428571428,26.83762550354004,190063,43.85922288894653,,46
200.0,0.0,200.0,200.0,200.0,189.45454,22.54234,200.0,135.0,189.45454545454547,34.83229446411133,194231,44.78719997406006,,47
200.0,0.0,200.0,200.0,200.0,197.09525,12.990489,200.0,139.0,197.0952380952381,35.37839889526367,198370,45.724692583084106,,48
200.0,0.0,200.0,200.0,200.0,199.7619,1.0647943,200.0,195.0,199.76190476190476,36.94657516479492,202565,46.64411973953247,,49
200.0,0.0,200.0,200.0,200.0,200.0,0.0,200.0,200.0,200.0,36.395362854003906,206565,47.53612184524536,,50
200.0,0.0,200.0,200.0,200.0,200.0,0.0,200.0,200.0,200.0,36.21854019165039,210565,48.427802324295044,,51
200.0,0.0,200.0,200.0,200.0,200.0,0.0,200.0,200.0,200.0,37.186798095703125,214565,49.316521644592285,,52
200.0,0.0,200.0,200.0,200.0,200.0,0.0,200.0,200.0,200.0,36.964881896972656,218565,50.21244978904724,,53
200.0,0.0,200.0,200.0,200.0,200.0,0.0,200.0,200.0,200.0,39.689735412597656,222565,51.108134269714355,,54
200.0,0.0,200.0,200.0,200.0,200.0,0.0,200.0,200.0,200.0,39.526363372802734,226565,51.99904012680054,,55
200.0,0.0,200.0,200.0,200.0,200.0,0.0,200.0,200.0,200.0,39.29118347167969,230565,52.89858937263489,,56
200.0,0.0,200.0,200.0,200.0,200.0,0.0,200.0,200.0,200.0,41.60856246948242,234565,53.79173493385315,,57
200.0,0.0,200.0,200.0,200.0,200.0,0.0,200.0,200.0,200.0,42.282711029052734,238565,54.68156862258911,,58
200.0,0.0,200.0,200.0,200.0,200.0,0.0,200.0,200.0,200.0,43.60021209716797,242565,55.64731693267822,,59
200.0,0.0,200.0,200.0,200.0,200.0,0.0,200.0,200.0,200.0,44.38039779663086,246565,56.57034969329834,,60
200.0,0.0,200.0,200.0,200.0,200.0,0.0,200.0,200.0,200.0,45.80128860473633,250565,57.471046686172485,,61
200.0,0.0,200.0,200.0,200.0,200.0,0.0,200.0,200.0,200.0,46.757205963134766,254565,58.36403751373291,,62
200.0,0.0,200.0,200.0,200.0,200.0,0.0,200.0,200.0,200.0,48.545799255371094,258565,59.25091338157654,,63
200.0,0.0,200.0,200.0,200.0,200.0,0.0,200.0,200.0,200.0,50.34260559082031,262565,60.145230770111084,,64
200.0,0.0,200.0,200.0,200.0,200.0,0.0,200.0,200.0,200.0,51.26219940185547,266565,61.05045938491821,,65
200.0,0.0,200.0,200.0,200.0,200.0,0.0,200.0,200.0,200.0,52.567806243896484,270565,61.951773166656494,,66
200.0,0.0,200.0,200.0,200.0,191.33333,34.54925,200.0,38.0,191.33333333333334,52.958065032958984,274583,62.84850001335144,,67
146.33333,75.896126,200.0,39.0,146.33333333333334,184.72728,42.606216,200.0,11.0,184.72727272727272,52.510066986083984,278647,63.8573944568634,,68
151.66667,68.35365,200.0,55.0,151.66666666666666,182.45454,36.05643,200.0,80.0,182.45454545454547,49.79445266723633,282661,64.7473304271698,,69
200.0,0.0,200.0,200.0,200.0,181.56522,41.19817,200.0,62.0,181.56521739130434,49.52407455444336,286837,65.70269465446472,,70
200.0,0.0,200.0,200.0,200.0,191.19048,39.397385,200.0,15.0,191.1904761904762,52.616390228271484,290852,66.60931396484375,,71
200.0,0.0,200.0,200.0,200.0,200.0,0.0,200.0,200.0,200.0,53.58879089355469,294852,67.52155065536499,,72
200.0,0.0,200.0,200.0,200.0,200.0,0.0,200.0,200.0,200.0,53.811641693115234,298852,68.41268682479858,,73
200.0,0.0,200.0,200.0,200.0,200.0,0.0,200.0,200.0,200.0,53.426963806152344,302852,69.31892037391663,,74
200.0,0.0,200.0,200.0,200.0,200.0,0.0,200.0,200.0,200.0,53.674049377441406,306852,70.21566486358643,,75
200.0,0.0,200.0,200.0,200.0,200.0,0.0,200.0,200.0,200.0,51.97933578491211,310852,71.12998008728027,,76
200.0,0.0,200.0,200.0,200.0,200.0,0.0,200.0,200.0,200.0,51.7365608215332,314852,72.00247645378113,,77
200.0,0.0,200.0,200.0,200.0,200.0,0.0,200.0,200.0,200.0,51.24769592285156,318852,72.87994480133057,,78
200.0,0.0,200.0,200.0,200.0,200.0,0.0,200.0,200.0,200.0,49.949501037597656,322852,73.77313494682312,,79
200.0,0.0,200.0,200.0,200.0,200.0,0.0,200.0,200.0,200.0,49.41304016113281,326852,74.66335892677307,,80
200.0,0.0,200.0,200.0,200.0,200.0,0.0,200.0,200.0,200.0,49.168277740478516,330852,75.56275057792664,,81
200.0,0.0,200.0,200.0,200.0,200.0,0.0,200.0,200.0,200.0,47.47800827026367,334852,76.45714545249939,,82
200.0,0.0,200.0,200.0,200.0,200.0,0.0,200.0,200.0,200.0,47.0536994934082,338852,77.37062978744507,,83
200.0,0.0,200.0,200.0,200.0,200.0,0.0,200.0,200.0,200.0,45.58893966674805,342852,78.2613205909729,,84
200.0,0.0,200.0,200.0,200.0,200.0,0.0,200.0,200.0,200.0,45.380062103271484,346852,79.1691665649414,,85
200.0,0.0,200.0,200.0,200.0,200.0,0.0,200.0,200.0,200.0,45.999752044677734,350852,80.07747149467468,,86
200.0,0.0,200.0,200.0,200.0,200.0,0.0,200.0,200.0,200.0,44.945098876953125,354852,80.98963165283203,,87
200.0,0.0,200.0,200.0,200.0,200.0,0.0,200.0,200.0,200.0,44.404747009277344,358852,81.89409899711609,,88
200.0,0.0,200.0,200.0,200.0,200.0,0.0,200.0,200.0,200.0,44.36286544799805,362852,82.80480337142944,,89
200.0,0.0,200.0,200.0,200.0,200.0,0.0,200.0,200.0,200.0,43.495704650878906,366852,83.70652437210083,,90
197.33333,2.0548048,200.0,195.0,197.33333333333334,199.04762,2.4392855,200.0,192.0,199.04761904761904,44.017921447753906,371032,84.66718196868896,,91
187.0,9.626352,200.0,177.0,187.0,197.42857,3.994895,200.0,189.0,197.42857142857142,42.32820129394531,375178,85.6335334777832,,92
174.66667,13.02135,193.0,164.0,174.66666666666666,186.72728,8.191913,200.0,171.0,186.72727272727272,38.68286895751953,379286,86.57585024833679,,93
180.0,8.640987,188.0,168.0,180.0,180.26086,8.852498,200.0,164.0,180.2608695652174,36.8342170715332,383432,87.62462902069092,,94
176.33333,9.672413,190.0,169.0,176.33333333333334,171.83333,6.3486657,190.0,163.0,171.83333333333334,35.09597396850586,387556,88.59372591972351,,95
181.33333,6.1282587,189.0,174.0,181.33333333333334,174.13043,9.090387,193.0,155.0,174.1304347826087,35.468257904052734,391561,89.54254412651062,,96
190.0,7.1180525,200.0,184.0,190.0,175.39131,8.218427,192.0,160.0,175.3913043478261,35.895050048828125,395595,90.51683640480042,,97
199.33333,0.942809,200.0,198.0,199.33333333333334,186.36363,8.568151,200.0,167.0,186.36363636363637,36.08620071411133,399695,91.49995493888855,,98
200.0,0.0,200.0,200.0,200.0,196.85715,4.81353,200.0,182.0,196.85714285714286,39.29055404663086,403829,92.47978067398071,,99
